{
    "mae": 2.7413995267209375,
    "mse": 12.615651286064711,
    "rmse": 3.5518518108255464,
    "r2": 0.9250318401042547
}